-0.02,-0.20,0.59
0.03,-0.14,0.59
0.02,-0.07,0.59
-0.10,0.05,0.54
-0.25,0.06,0.57
-0.41,0.03,0.64
-0.65,-0.10,0.76
-0.72,-0.16,0.75
-0.72,-0.16,0.68
-0.59,-0.08,0.59
-0.59,0.00,0.64
-0.55,0.02,0.73
-0.45,-0.05,0.93
-0.56,-0.08,0.95
-0.58,-0.08,0.92
-0.59,-0.08,0.89
-0.63,-0.08,0.90
-0.67,-0.09,0.88
-0.62,-0.10,0.82
-0.61,-0.09,0.82
-0.59,-0.08,0.81
-2.38,-0.84,0.48
-1.58,-0.49,0.65
-0.15,0.12,0.50
0.36,0.18,0.81
0.17,0.10,0.98
0.15,-0.07,1.00
0.10,-0.09,1.01
0.29,-0.18,1.21
0.15,-0.18,0.87
-0.06,-0.27,0.78
-0.18,-0.35,1.20
-0.29,-0.33,1.29
-0.09,-0.33,1.05
-0.01,-0.27,0.99
-0.03,-0.25,0.94
-0.13,-0.22,0.87
-0.16,-0.20,0.84
-0.28,-0.20,0.82
-0.38,-0.19,0.77
-0.45,-0.24,0.84
-0.49,-0.29,0.91
-0.37,-0.28,0.89
-0.32,-0.23,0.88
-0.32,-0.26,0.84
-0.35,-0.27,0.85
-0.40,-0.30,0.95
-0.49,-0.33,0.92
-0.53,-0.21,0.84
-0.54,-0.21,0.70
-0.43,-0.24,0.70
-0.28,-0.23,0.82
-0.26,-0.24,0.89
-0.23,-0.19,0.92
-0.24,-0.20,0.88
-0.26,-0.27,0.89
-0.22,-0.32,0.91
-0.21,-0.33,0.88
-0.24,-0.30,0.91
-0.22,-0.27,0.87
-0.22,-0.25,0.87
-0.19,-0.23,0.89
-0.13,-0.21,0.91
0.12,-0.12,0.98
0.15,-0.12,1.02
0.10,-0.11,1.07
0.12,-0.13,1.09
0.13,-0.19,1.10
-0.13,-0.32,1.08
-0.18,-0.36,1.10
0.17,-0.20,1.02
0.19,-0.27,1.20
0.14,-0.31,1.23
0.11,-0.26,1.08
0.15,-0.22,1.07
0.10,-0.19,1.02
0.27,-0.20,1.08
0.53,-0.04,0.88
0.54,-0.01,1.03
0.48,0.02,1.01
0.48,0.03,0.86
0.24,-0.01,1.06
0.34,-0.06,0.97
0.46,-0.32,0.74
0.36,-0.37,0.98
0.25,-0.20,1.04
0.10,-0.07,0.99
0.08,0.01,0.95
0.20,0.02,0.98
0.29,0.06,1.02
0.41,0.14,0.95
0.42,0.16,0.94
0.46,0.07,0.98
0.41,-0.11,1.06
0.47,-0.06,1.09
0.52,-0.18,1.25
0.55,-0.22,0.75
0.33,-0.48,0.66
0.26,-0.63,1.15
0.37,-0.52,1.13
0.44,-0.22,1.04
0.42,-0.16,1.04
0.44,-0.07,1.00
0.41,-0.20,0.98
0.38,-0.18,0.98
0.39,-0.26,0.91
0.37,-0.23,0.93
0.35,-0.21,0.92
0.39,-0.24,0.89
0.40,-0.25,0.88
0.38,-0.11,0.80
0.37,-0.15,0.76
0.40,-0.16,0.79
0.45,-0.05,0.86
0.49,0.00,0.87
0.38,-0.17,0.84
0.39,-0.26,0.91
0.48,-0.11,1.01
0.49,-0.07,0.96
0.50,-0.14,0.98
0.47,-0.18,0.88
0.42,-0.17,1.19
0.49,-0.20,0.91
0.37,-0.19,1.02
0.38,-0.08,1.26
0.54,-0.24,0.88
0.46,-0.21,1.02
0.44,-0.11,1.30
0.43,-0.26,1.18
0.40,-0.21,1.17
0.45,-0.18,0.92
0.43,-0.17,0.97
0.45,-0.15,1.19
0.47,-0.36,1.08
0.42,-0.34,1.02
0.34,-0.25,0.99
0.33,-0.28,1.07
0.28,-0.31,0.97
0.22,-0.26,1.03
0.22,-0.22,0.99
0.21,-0.18,0.86
0.27,-0.17,0.88
0.25,-0.19,0.92
0.16,-0.19,1.02
0.15,-0.19,1.05
0.15,-0.18,1.06
0.14,-0.16,1.05
0.13,-0.11,0.98
0.11,-0.09,0.93
0.06,-0.08,0.89
-0.05,-0.10,0.85
-0.06,-0.13,0.87
-0.10,-0.15,0.91
-0.13,-0.13,0.91
-0.17,-0.11,0.91
-0.24,-0.05,0.83
-0.32,-0.01,0.77
-0.78,0.04,0.94
-0.72,-0.01,0.29
-0.63,-0.18,0.17
-0.32,-0.25,0.35
-0.08,-0.05,0.87
-0.15,0.03,1.12
-0.20,0.03,1.22
-0.11,-0.02,1.24
0.04,0.06,1.07
0.14,0.16,0.98
0.15,0.33,0.98
0.14,0.36,0.98
0.21,0.39,0.97
0.33,0.40,1.07
0.33,0.40,1.08
0.29,0.40,1.10
0.13,0.37,1.08
0.06,0.27,1.04
0.04,0.18,0.96
0.01,0.01,0.69
-0.04,-0.16,0.34
-0.09,-0.17,0.18
-0.91,-0.12,1.77
-0.56,0.17,1.35
-0.14,0.10,1.37
-0.02,-0.14,1.07
-0.11,-0.11,1.03
-0.12,-0.02,1.11
-0.19,-0.18,1.11
-0.21,-0.20,0.93
-0.24,-0.21,0.83
-0.30,-0.36,0.93
-0.30,-0.45,0.94
-0.24,-0.59,0.98
-0.23,-0.61,1.02
-0.15,-0.56,0.99
-0.18,-0.49,1.00
-0.21,-0.41,1.01
-0.14,-0.27,0.94
-0.11,-0.20,0.82
-0.10,-0.10,0.77
-0.21,-0.13,1.00
-0.20,-0.14,1.03
-0.14,-0.15,1.01
-0.17,0.02,0.95
-0.20,0.11,0.99
-0.23,0.16,1.03
-0.18,0.09,1.02
-0.18,0.05,0.97
-0.20,0.04,0.93
-0.22,-0.06,0.93
-0.20,-0.14,0.96
-0.16,-0.23,0.97
-0.12,-0.32,0.93
-0.12,-0.35,0.93
-0.15,-0.38,0.92
-0.12,-0.38,0.90
-0.08,-0.38,0.88
-0.11,-0.36,0.99
-0.18,-0.27,1.03
-0.18,-0.21,1.02
-0.02,-0.22,0.96
0.06,-0.19,0.94
0.10,-0.09,0.99
0.18,0.14,1.20
0.24,0.29,1.34
0.28,0.69,1.62
0.35,0.90,1.84
0.33,1.23,2.15
0.35,2.53,3.05
0.62,3.39,3.36
1.23,3.91,3.31
3.13,3.48,2.02
3.75,2.31,1.28
3.33,0.00,1.36
2.91,-0.56,1.30
2.77,-0.76,0.64
2.37,-1.81,0.32
1.97,-2.54,0.43
1.65,-3.22,0.26
1.12,-3.57,0.05
1.04,-3.09,0.05
0.98,-2.51,0.37
0.67,-1.82,0.62
0.55,-1.59,0.70
0.36,-1.23,0.68
0.27,-1.17,0.62
0.17,-1.09,0.60
0.03,-0.70,0.67
-0.02,-0.48,0.73
-0.08,-0.32,0.78
-0.16,-0.21,0.81
-0.21,-0.23,0.85
-0.23,-0.23,0.86
-0.22,-0.21,0.87
-0.22,-0.18,0.92
-0.23,-0.25,0.91
-0.21,-0.29,0.89
-0.20,-0.25,0.88
-0.21,-0.33,0.84
-0.22,-0.42,0.80
-0.22,-0.51,0.76
-0.21,-0.49,0.76
-0.20,-0.45,0.83
-0.22,-0.25,1.04
-0.22,-0.23,1.05
-0.23,-0.27,0.94
-0.24,-0.40,0.87
-0.24,-0.46,0.82
-0.25,-0.56,0.80
-0.23,-0.55,0.84
-0.22,-0.46,0.96
-0.23,-0.27,1.15
-0.22,-0.25,1.09
-0.21,-0.30,0.97
-0.24,-0.43,0.90
-0.25,-0.48,0.89
-0.26,-0.53,0.85
-0.27,-0.55,0.87
-0.22,-0.34,0.93
-0.23,-0.26,0.95
-0.23,-0.22,0.95
-0.25,-0.23,0.97
-0.26,-0.29,0.95
-0.27,-0.36,0.88
-0.26,-0.44,0.87
-0.25,-0.40,0.90
-0.25,-0.22,1.01
-0.25,-0.17,1.03
-0.26,-0.16,1.03
-0.27,-0.20,0.99
-0.27,-0.23,0.98
-0.27,-0.22,0.99
-0.27,-0.21,0.99
-0.27,-0.24,0.97
-0.26,-0.29,0.92
-0.26,-0.30,0.90
-0.26,-0.35,0.88
-0.26,-0.35,0.88
-0.26,-0.34,0.88
-0.25,-0.27,0.91
-0.25,-0.25,0.92
-0.25,-0.26,0.91
-0.25,-0.29,0.90
-0.25,-0.36,0.88
-0.24,-0.38,0.87
-0.24,-0.40,0.88
-0.22,-0.37,0.91
-0.22,-0.28,0.97
-0.22,-0.19,1.02
-0.22,-0.18,1.01
-0.22,-0.19,1.00
-0.22,-0.23,0.99
-0.21,-0.26,0.98
-0.21,-0.28,0.98
-0.20,-0.28,0.98
-0.20,-0.27,0.98
-0.20,-0.22,1.00
-0.20,-0.17,1.02
-0.20,-0.13,1.02
-0.19,-0.11,1.01
-0.20,-0.11,1.02
-0.20,-0.13,0.98
-0.20,-0.13,0.98
-0.21,-0.13,1.00
-0.20,-0.14,0.97
-0.20,-0.15,0.97
-0.20,-0.19,0.97
-0.20,-0.17,0.97
-0.19,-0.15,0.96
-0.20,-0.13,0.96
-0.20,-0.12,0.96
-0.21,-0.12,0.97
-0.21,-0.10,0.99
-0.21,-0.08,1.00
-0.21,-0.09,0.99
-0.21,-0.11,0.99
-0.21,-0.13,0.94
-0.20,-0.13,0.94
-0.20,-0.15,0.96
-0.20,-0.15,0.99
-0.21,-0.19,0.95
-0.20,-0.20,0.96
-0.20,-0.18,0.98
-0.19,-0.16,0.98
-0.19,-0.14,0.97
-0.19,-0.10,0.98
-0.20,-0.08,0.97
-0.19,-0.10,0.96
-0.21,-0.13,0.97
-0.20,-0.18,0.97
-0.20,-0.20,0.98
-0.20,-0.21,0.97
-0.19,-0.21,0.95
-0.19,-0.22,0.96
-0.19,-0.21,0.95
-0.18,-0.17,0.97
-0.18,-0.17,0.99
-0.16,-0.15,1.00
-0.15,-0.14,1.00
-0.16,-0.13,0.98
-0.14,-0.11,1.01
-0.15,-0.10,1.03
-0.14,-0.09,1.03
-0.14,-0.08,1.01
-0.13,-0.10,1.01
-0.13,-0.13,1.01
-0.13,-0.20,1.01
-0.13,-0.23,1.03
-0.15,-0.37,1.01
-0.14,-0.40,1.02
-0.13,-0.38,1.05
-0.11,-0.35,1.09
-0.07,-0.35,1.06
0.00,-0.29,0.96
0.04,-0.20,0.92
0.10,-0.13,0.91
0.35,-0.07,0.86
0.55,-0.06,0.84
1.11,0.21,1.21
1.42,0.92,1.44
1.68,2.21,1.51
2.09,3.99,2.19
2.84,4.00,2.36
4.00,4.00,2.17
4.00,3.81,2.30
4.00,2.76,2.11
4.00,-0.65,1.03
4.00,-2.55,0.53
4.00,-3.76,0.12
3.98,-4.00,-0.20
3.59,-4.00,-0.24
2.28,-4.00,0.07
1.95,-3.56,0.31
1.63,-2.50,0.83
0.77,-1.41,0.91
0.42,-1.36,0.83
0.07,-0.58,0.63
-0.01,-0.07,0.59
-0.09,0.26,0.65
-0.22,0.32,0.82
-0.25,0.24,0.93
-0.24,0.15,0.97
-0.18,0.03,0.96
-0.16,-0.03,0.97
-0.12,-0.14,0.97
-0.10,-0.18,0.99
-0.06,-0.24,0.96
-0.06,-0.26,0.98
-0.07,-0.26,0.99
-0.08,-0.24,0.98
-0.08,-0.24,0.98
-0.09,-0.19,0.96
-0.09,-0.17,0.97
-0.10,-0.18,0.95
-0.10,-0.23,0.94
-0.09,-0.26,0.95
-0.10,-0.28,0.98
-0.10,-0.30,0.96
-0.10,-0.29,0.96
-0.10,-0.27,0.99
-0.10,-0.26,1.00
-0.10,-0.29,1.02
-0.10,-0.34,1.01
-0.09,-0.36,0.98
-0.09,-0.42,0.97
-0.09,-0.46,0.96
-0.08,-0.49,0.94
-0.08,-0.47,1.00
-0.09,-0.42,1.03
-0.09,-0.38,1.03
-0.08,-0.35,0.98
-0.09,-0.35,0.97
-0.10,-0.39,0.93
-0.09,-0.42,0.90
-0.10,-0.46,0.89
-0.12,-0.50,0.89
-0.11,-0.48,0.89
-0.11,-0.44,0.91
-0.12,-0.37,0.96
-0.12,-0.38,0.96
-0.12,-0.40,0.92
-0.12,-0.40,0.91
-0.13,-0.41,0.91
-0.12,-0.42,0.90
-0.11,-0.42,0.89
-0.11,-0.40,0.90
-0.11,-0.39,0.92
-0.12,-0.37,0.93
-0.13,-0.32,0.93
-0.13,-0.33,0.93
-0.13,-0.35,0.93
-0.14,-0.34,0.94
-0.14,-0.33,0.94
-0.13,-0.32,0.93
-0.13,-0.30,0.94
-0.13,-0.28,0.97
-0.14,-0.25,1.00
-0.13,-0.25,0.99
-0.13,-0.25,0.98
-0.14,-0.27,0.98
-0.14,-0.28,0.97
-0.14,-0.27,0.94
-0.14,-0.27,0.93
-0.14,-0.28,0.92
-0.14,-0.31,0.92
-0.14,-0.32,0.92
-0.13,-0.31,0.91
-0.14,-0.32,0.93
-0.14,-0.34,0.94
-0.14,-0.34,0.94
-0.13,-0.32,0.96
-0.14,-0.26,1.01
-0.13,-0.24,1.02
-0.13,-0.23,1.03
-0.13,-0.23,1.04
-0.13,-0.23,1.03
-0.13,-0.24,1.02
-0.13,-0.25,1.01
-0.13,-0.27,1.00
-0.13,-0.27,0.99
-0.13,-0.26,0.98
-0.13,-0.26,0.98
-0.14,-0.31,0.97
-0.14,-0.31,0.97
-0.13,-0.32,0.96
-0.14,-0.31,0.98
-0.14,-0.30,0.99
-0.14,-0.29,0.99
-0.15,-0.29,1.00
-0.16,-0.29,1.01
-0.15,-0.26,1.00
-0.16,-0.27,0.99
-0.17,-0.27,0.99
-0.16,-0.27,0.90
-0.15,-0.26,0.88
-0.16,-0.26,0.87
-0.16,-0.26,0.89
-0.16,-0.26,0.91
-0.14,-0.23,0.90
-0.15,-0.27,0.90
-0.14,-0.25,0.98
-0.13,-0.17,1.02
-0.13,-0.11,1.03
-0.13,-0.09,1.02
-0.13,-0.10,1.03
-0.13,-0.10,1.05
-0.12,-0.10,1.04
-0.11,-0.10,1.03
-0.10,-0.09,1.03
-0.09,-0.06,1.00
-0.10,-0.12,0.98
-0.10,-0.10,1.01
-0.10,-0.07,1.00
-0.10,-0.08,1.00
-0.10,-0.09,1.01
-0.10,-0.12,1.00
-0.08,-0.12,0.99
-0.09,-0.18,0.97
-0.09,-0.20,0.98
-0.08,-0.17,1.00
-0.08,-0.17,1.00
-0.08,-0.18,0.99
-0.08,-0.19,0.99
-0.07,-0.18,0.97
-0.08,-0.17,0.96
-0.07,-0.15,0.96
-0.08,-0.13,0.95
-0.08,-0.08,0.95
-0.06,-0.11,0.90
-0.05,-0.09,0.88
-0.02,-0.04,0.90
0.01,-0.04,0.90
0.05,-0.04,0.91
0.16,-0.03,0.91
0.24,0.00,0.94
0.61,0.13,1.10
0.83,0.42,1.19
0.98,1.06,1.35
1.29,3.20,1.23
1.73,3.88,1.08
2.98,4.00,1.23
3.68,4.00,0.99
3.97,4.00,1.12
4.00,3.04,1.96
4.00,1.18,1.76
4.00,-1.00,0.76
4.00,-3.96,-0.89
3.95,-4.00,-0.89
3.65,-4.00,-0.49
2.59,-4.00,-0.22
1.95,-4.00,0.43
1.16,-3.17,1.70
0.91,-2.13,1.79
0.68,-1.39,1.50
0.30,-0.50,0.85
0.18,-0.15,0.58
0.01,0.34,0.31
-0.09,0.44,0.46
-0.15,0.48,0.68
-0.14,0.47,0.98
-0.11,0.50,1.14
-0.08,0.51,1.27
-0.04,0.48,1.36
-0.02,0.40,1.31
-0.00,0.13,1.09
-0.00,0.00,0.96
-0.00,-0.09,0.84
-0.00,-0.22,0.73
0.01,-0.26,0.74
0.01,-0.26,0.87
0.01,-0.24,0.96
0.02,-0.21,1.01
0.02,-0.18,1.07
0.01,-0.20,1.10
-0.01,-0.23,1.10
-0.03,-0.25,1.07
-0.03,-0.27,1.05
-0.03,-0.31,1.03
-0.03,-0.33,1.04
-0.04,-0.37,1.02
-0.00,-0.37,1.00
0.00,-0.38,0.96
-0.01,-0.43,0.95
-0.01,-0.46,0.95
-0.01,-0.46,0.96
-0.03,-0.46,0.97
-0.03,-0.47,0.94
-0.03,-0.47,0.91
-0.04,-0.46,0.88
-0.05,-0.47,0.90
-0.07,-0.44,0.98
-0.07,-0.38,0.99
-0.08,-0.28,1.00
-0.08,-0.26,1.00
-0.08,-0.25,0.99
-0.10,-0.26,0.99
-0.11,-0.26,0.99
-0.12,-0.24,0.97
-0.12,-0.24,0.96
-0.12,-0.25,0.94
-0.12,-0.27,0.93
-0.12,-0.26,0.93
-0.13,-0.25,0.93
-0.13,-0.24,0.94
-0.13,-0.23,0.94
-0.14,-0.23,0.93
-0.14,-0.22,0.94
-0.14,-0.23,0.96
-0.14,-0.24,0.95
-0.13,-0.26,0.94
-0.13,-0.29,0.92
-0.13,-0.30,0.91
-0.13,-0.30,0.92
-0.12,-0.24,0.96
-0.12,-0.23,0.96
-0.12,-0.24,0.97
-0.11,-0.25,0.97
-0.11,-0.27,0.97
-0.10,-0.23,0.97
-0.10,-0.20,0.97
-0.10,-0.21,0.97
-0.11,-0.20,0.98
-0.11,-0.19,0.98
-0.10,-0.16,1.00
-0.10,-0.17,1.00
-0.10,-0.19,1.01
-0.10,-0.21,1.01
-0.10,-0.20,0.99
-0.09,-0.20,0.98
-0.09,-0.20,1.00
-0.09,-0.18,1.00
-0.08,-0.15,0.99
-0.09,-0.16,1.00
-0.08,-0.18,1.01
-0.06,-0.13,1.03
-0.08,-0.17,1.04
-0.09,-0.21,1.07
-0.04,-0.22,0.94
-0.03,-0.19,0.80
-0.06,-0.12,0.94
-0.05,-0.13,1.00
-0.06,-0.14,0.99
-0.05,-0.13,1.04
-0.07,-0.13,1.07
-0.07,-0.07,1.09
-0.06,-0.06,1.07
-0.05,-0.02,1.02
-0.06,-0.04,0.94
-0.07,-0.03,0.95
-0.08,-0.05,1.03
-0.08,-0.06,1.05
-0.08,-0.09,1.05
-0.09,-0.12,1.08
-0.08,-0.13,1.06
-0.07,-0.15,0.97
-0.07,-0.16,0.92
-0.06,-0.15,0.92
-0.06,-0.18,0.93
-0.07,-0.19,0.97
-0.07,-0.24,1.05
-0.07,-0.27,1.07
-0.05,-0.27,1.06
-0.03,-0.35,1.03
-0.02,-0.39,1.01
0.03,-0.43,0.97
0.04,-0.48,0.95
0.06,-0.51,0.91
0.08,-0.49,0.91
0.12,-0.42,0.91
0.24,-0.38,0.95
0.25,-0.34,1.04
0.30,-0.12,1.08
0.36,0.00,1.06
0.41,0.11,1.04
0.51,0.29,1.09
0.55,0.37,1.15
0.58,0.48,1.21
0.70,0.71,1.31
0.77,0.84,1.36
0.83,0.99,1.39
1.01,1.33,1.41
1.12,1.52,1.42
1.32,2.12,1.66
1.48,2.67,2.05
1.63,3.29,2.50
2.61,4.00,2.55
3.50,4.00,2.34
3.98,4.00,2.48
4.00,1.69,2.37
4.00,-1.03,1.94
4.00,-3.98,0.89
4.00,-4.00,-0.74
3.74,-4.00,-1.71
1.76,-3.95,0.33
1.51,-3.23,0.61
1.42,-1.28,0.56
1.14,-1.55,0.78
0.55,-1.91,1.03
0.38,-1.34,1.12
0.25,-0.25,0.85
0.15,-0.14,0.68
0.06,-0.16,0.60
-0.10,-0.24,0.77
-0.14,-0.20,0.82
-0.16,-0.11,0.84
-0.17,0.03,0.88
-0.17,0.05,0.93
-0.17,0.04,1.05
-0.18,-0.03,1.05
-0.19,-0.10,1.04
-0.17,-0.17,1.04
-0.16,-0.19,1.01
-0.11,-0.24,0.96
-0.09,-0.27,0.93
-0.08,-0.31,0.93
-0.07,-0.33,0.94
-0.06,-0.35,0.93
-0.06,-0.38,0.94
-0.06,-0.35,0.97
-0.07,-0.32,1.03
-0.07,-0.32,1.03
-0.07,-0.31,1.04
-0.07,-0.32,1.03
-0.07,-0.35,1.01
-0.06,-0.36,0.98
-0.05,-0.31,1.02
-0.05,-0.30,1.05
-0.05,-0.34,1.04
-0.06,-0.36,1.04
-0.06,-0.38,0.99
-0.04,-0.42,0.98
-0.04,-0.42,0.99
-0.03,-0.40,0.97
-0.04,-0.41,0.97
-0.06,-0.45,0.95
-0.06,-0.47,0.92
-0.05,-0.49,0.88
-0.05,-0.50,0.83
-0.05,-0.50,0.83
-0.04,-0.47,0.84
-0.04,-0.40,0.90
-0.04,-0.37,0.93
-0.06,-0.35,0.98
-0.07,-0.38,0.98
-0.07,-0.41,0.93
-0.07,-0.40,0.93
-0.07,-0.36,0.96
-0.08,-0.33,0.97
-0.08,-0.34,0.98
-0.09,-0.35,1.00
-0.09,-0.33,0.98
-0.09,-0.34,0.95
-0.09,-0.38,0.92
-0.10,-0.39,0.93
-0.10,-0.41,0.92
-0.10,-0.42,0.92
-0.10,-0.42,0.92
-0.10,-0.40,0.94
-0.09,-0.39,0.94
-0.09,-0.39,0.94
-0.10,-0.39,0.95
-0.10,-0.40,0.94
-0.10,-0.40,0.95
-0.11,-0.39,0.95
-0.10,-0.38,0.95
-0.11,-0.38,0.93
-0.11,-0.38,0.93
-0.10,-0.39,0.92
-0.09,-0.38,0.90
-0.08,-0.34,0.90
-0.12,-0.28,0.96
-0.13,-0.28,0.99
-0.13,-0.26,0.98
-0.13,-0.24,0.99
-0.14,-0.24,1.03
-0.14,-0.24,1.04
-0.14,-0.22,1.02
-0.13,-0.22,0.96
-0.15,-0.24,0.98
-0.16,-0.23,0.99
-0.16,-0.22,0.97
-0.16,-0.21,0.95
-0.13,-0.21,0.94
-0.16,-0.21,0.95
-0.17,-0.21,0.97
-0.16,-0.20,0.98
-0.17,-0.19,0.98
-0.17,-0.18,0.98
-0.17,-0.17,0.98
-0.17,-0.18,0.98
-0.16,-0.18,0.98
-0.16,-0.17,0.97
-0.16,-0.17,0.96
-0.16,-0.13,0.96
-0.16,-0.16,0.97
-0.15,-0.16,0.96
-0.11,-0.17,0.93
-0.10,-0.20,0.93
-0.09,-0.23,0.93
-0.07,-0.26,0.92
-0.05,-0.27,0.91
-0.02,-0.30,0.88
0.01,-0.35,0.86
0.03,-0.39,0.86
0.05,-0.43,0.89
0.07,-0.42,0.90
0.09,-0.28,0.95
0.11,-0.20,0.98
0.10,-0.14,1.01
0.12,-0.07,0.98
0.12,-0.08,0.97
0.12,-0.00,1.03
0.13,0.05,1.05
0.15,0.11,1.07
0.19,0.27,1.12
0.24,0.33,1.15
0.31,0.37,1.18
0.58,0.45,1.27
0.78,0.57,1.31
1.14,1.09,1.47
1.32,1.65,1.58
1.45,2.40,1.76
1.76,3.91,2.00
2.18,4.00,1.77
3.64,4.00,2.15
3.99,4.00,2.82
4.00,3.60,3.18
4.00,-1.41,0.78
4.00,-3.46,-0.34
4.00,-3.99,-0.05
3.77,-4.00,-0.53
3.09,-4.00,-0.85
1.64,-3.82,0.69
1.53,-3.02,0.81
1.48,-2.16,0.66
0.78,-1.91,0.96
0.44,-1.44,1.12
0.27,-0.64,1.10
0.11,0.16,0.76
-0.01,-0.03,0.66
-0.13,-0.23,0.63
-0.15,-0.08,0.71
-0.15,0.08,0.87
-0.16,0.10,0.95
-0.16,0.06,1.02
-0.12,0.08,1.06
-0.10,0.06,1.03
-0.08,-0.00,0.98
-0.04,-0.19,0.86
-0.04,-0.26,0.84
-0.03,-0.30,0.85
-0.02,-0.24,0.88
-0.01,-0.20,0.92
-0.02,-0.18,1.01
-0.02,-0.16,1.05
-0.03,-0.17,1.06
-0.05,-0.20,1.09
-0.05,-0.22,1.08
-0.04,-0.26,1.02
-0.04,-0.30,1.01
-0.04,-0.34,1.01
-0.01,-0.34,1.00
-0.01,-0.33,1.02
0.01,-0.35,1.02
0.01,-0.38,1.01
0.01,-0.41,1.00
0.01,-0.49,0.97
0.02,-0.51,0.97
0.03,-0.54,0.94
0.05,-0.54,0.91
0.07,-0.51,0.93
0.06,-0.39,0.97
0.05,-0.35,1.00
0.04,-0.30,1.01
0.02,-0.28,1.03
-0.00,-0.25,1.05
-0.02,-0.17,1.04
-0.03,-0.18,1.03
-0.05,-0.24,1.01
-0.06,-0.27,0.99
-0.06,-0.29,0.97
-0.07,-0.28,0.95
-0.07,-0.28,0.94
-0.06,-0.29,0.91
-0.06,-0.30,0.89
-0.07,-0.32,0.90
-0.08,-0.32,0.93
-0.09,-0.32,0.96
-0.09,-0.31,0.96
-0.09,-0.29,0.96
-0.09,-0.27,0.96
-0.10,-0.29,0.96
-0.09,-0.30,0.96
-0.10,-0.33,0.98
-0.10,-0.34,0.98
-0.09,-0.37,0.95
-0.09,-0.38,0.94
-0.09,-0.39,0.94
-0.10,-0.37,0.98
-0.10,-0.35,1.00
-0.10,-0.32,0.99
-0.09,-0.31,0.99
-0.10,-0.30,1.01
-0.09,-0.29,1.00
-0.10,-0.29,1.00
-0.10,-0.30,1.01
-0.10,-0.29,1.00
-0.10,-0.28,0.99
-0.11,-0.28,1.00
-0.10,-0.27,0.99
-0.10,-0.26,0.99
-0.10,-0.26,0.99
-0.10,-0.25,0.99
-0.10,-0.24,0.98
-0.11,-0.25,0.99
-0.11,-0.25,0.98
-0.10,-0.25,0.97
-0.10,-0.25,0.96
-0.10,-0.26,0.95
-0.11,-0.23,0.98
-0.11,-0.21,0.99
-0.13,-0.19,1.03
-0.13,-0.18,1.03
-0.10,-0.16,1.02
-0.12,-0.16,1.01
-0.13,-0.17,1.01
-0.13,-0.19,1.00
-0.12,-0.19,1.00
-0.13,-0.20,1.01
-0.13,-0.20,1.00
-0.13,-0.20,0.99
-0.13,-0.18,0.96
-0.13,-0.17,0.94
-0.13,-0.17,0.94
-0.14,-0.18,0.98
-0.14,-0.18,0.99
-0.14,-0.19,0.98
-0.13,-0.21,0.95
-0.13,-0.28,0.94
-0.12,-0.28,0.96
-0.11,-0.23,0.95
-0.11,-0.21,0.95
-0.12,-0.17,1.00
-0.12,-0.15,0.99
-0.13,-0.17,0.99
-0.13,-0.14,1.00
-0.11,-0.11,0.96
-0.12,-0.10,0.97
-0.12,-0.10,0.99
-0.11,-0.10,0.99
-0.11,-0.09,0.99
-0.11,-0.04,1.03
-0.11,-0.05,1.04
-0.11,-0.03,1.04
-0.09,0.00,0.99
-0.09,0.01,0.97
-0.09,0.01,0.98
-0.11,-0.02,1.02
-0.11,-0.02,1.03
-0.12,-0.04,1.04
-0.12,-0.06,1.01
-0.10,-0.10,0.94
-0.09,-0.12,0.94
-0.10,-0.14,0.98
-0.10,-0.14,1.00
-0.10,-0.14,1.00
-0.10,-0.17,0.99
-0.11,-0.19,1.00
-0.12,-0.20,1.03
-0.09,-0.19,1.04
-0.06,-0.20,0.96
-0.04,-0.21,0.85
-0.03,-0.16,0.87
-0.03,-0.15,0.90
-0.01,-0.08,0.95
-0.01,-0.01,0.99
0.01,0.11,0.99
0.04,0.18,0.99
0.08,0.23,1.00
0.23,0.38,0.94
0.28,0.45,0.88
0.39,0.49,0.87
0.42,0.54,0.92
0.44,0.65,0.93
0.59,0.91,0.99
0.84,1.01,1.12
1.10,1.17,1.20
1.20,2.54,0.85
1.19,3.53,1.33
1.07,3.99,1.32
2.45,4.00,0.04
3.62,4.00,0.31
4.00,3.63,3.49
4.00,1.48,2.80
4.00,-1.13,1.30
4.00,-3.60,1.93
4.00,-3.98,1.89
3.31,-4.00,1.52
2.28,-3.95,2.50
1.89,-2.90,2.16
1.75,0.35,0.06
1.38,0.21,0.23
0.85,-0.74,0.77
0.19,-1.21,1.24
0.11,-0.62,0.98
0.07,-0.15,0.68
-0.06,0.05,0.57
-0.13,-0.03,0.67
-0.16,-0.13,0.80
-0.17,-0.14,0.89
-0.19,-0.08,0.98
-0.22,0.11,1.06
-0.21,0.13,1.03
-0.22,0.12,1.01
-0.22,0.02,1.07
-0.20,-0.06,1.06
-0.14,-0.17,0.98
-0.10,-0.20,0.93
-0.08,-0.19,0.91
-0.05,-0.13,0.96
-0.06,-0.09,1.00
-0.07,-0.07,1.03
-0.06,-0.17,1.01
-0.04,-0.24,0.96
-0.03,-0.30,0.89
-0.02,-0.39,0.87
-0.01,-0.39,0.88
-0.04,-0.40,0.96
0.03,-0.37,1.09
0.11,-0.25,1.23
0.03,-0.18,1.15
0.01,-0.22,1.07
-0.02,-0.39,0.97
-0.01,-0.46,0.92
0.01,-0.50,0.87
0.05,-0.52,0.84
0.03,-0.49,0.89
-0.00,-0.42,0.94
-0.09,-0.30,1.01
-0.12,-0.28,1.00
-0.09,-0.36,0.91
-0.06,-0.42,0.88
-0.05,-0.46,0.87
-0.03,-0.49,0.87
-0.03,-0.47,0.89
-0.04,-0.40,0.95
-0.05,-0.36,0.97
-0.06,-0.34,1.01
-0.05,-0.36,1.01
-0.05,-0.38,0.98
-0.05,-0.46,0.90
-0.05,-0.48,0.89
-0.04,-0.48,0.88
-0.04,-0.46,0.88
-0.04,-0.43,0.87
-0.04,-0.35,0.91
-0.05,-0.33,0.94
-0.07,-0.31,0.96
-0.08,-0.30,0.96
-0.06,-0.32,0.96
-0.07,-0.37,0.94
-0.08,-0.37,0.92
-0.08,-0.36,0.93
-0.08,-0.35,0.96
-0.07,-0.35,0.98
-0.07,-0.34,0.99
-0.07,-0.27,1.00
-0.08,-0.25,1.02
-0.08,-0.22,1.04
-0.07,-0.24,1.03
-0.03,-0.28,1.01
-0.05,-0.29,0.99
-0.07,-0.29,1.01
-0.06,-0.23,1.00
-0.06,-0.23,0.99
-0.07,-0.21,0.99
-0.08,-0.20,1.00
-0.08,-0.18,1.03
-0.07,-0.19,1.03
-0.08,-0.22,0.98
-0.07,-0.22,0.97
-0.08,-0.23,0.97
-0.08,-0.23,0.96
-0.08,-0.22,0.97
-0.07,-0.20,0.98
-0.07,-0.20,0.98
-0.07,-0.20,0.99
-0.08,-0.19,0.99
-0.07,-0.19,0.98
-0.07,-0.18,0.99
-0.08,-0.19,1.00
-0.07,-0.20,1.00
-0.06,-0.25,0.99
-0.04,-0.26,0.95
-0.03,-0.26,0.87
-0.03,-0.21,0.80
-0.05,-0.22,0.86
-0.07,-0.24,0.96
-0.07,-0.22,0.98
-0.09,-0.17,1.02
-0.09,-0.14,1.04
-0.10,-0.15,1.07
-0.09,-0.15,1.05
-0.07,-0.14,1.00
-0.08,-0.09,0.99
-0.09,-0.09,1.04
-0.10,-0.11,1.08
-0.09,-0.13,1.08
-0.09,-0.15,1.07
-0.09,-0.16,1.06
-0.08,-0.17,1.07
-0.06,-0.17,1.04
-0.04,-0.13,0.91
-0.04,-0.12,0.92
-0.05,-0.13,0.97
-0.05,-0.13,0.96
-0.05,-0.16,0.97
-0.05,-0.17,0.98
-0.06,-0.16,1.01
-0.06,-0.15,1.04
-0.06,-0.13,1.04
-0.06,-0.10,1.02
-0.06,-0.08,1.01
-0.06,-0.08,1.01
-0.07,-0.07,1.04
-0.07,-0.07,1.05
-0.07,-0.08,1.06
-0.06,-0.11,1.05
-0.06,-0.13,1.05
-0.03,-0.21,1.03
-0.02,-0.24,1.03
-0.01,-0.26,1.04
0.02,-0.28,1.01
0.04,-0.28,1.01
0.09,-0.30,1.00
0.12,-0.27,0.99
0.15,-0.16,0.99
0.20,-0.03,0.99
0.20,0.03,1.01
0.22,0.07,1.01
0.28,0.09,1.01
0.30,0.16,1.01
0.38,0.35,0.95
0.42,0.49,0.92
0.45,0.66,0.88
0.57,1.13,1.05
0.71,1.38,1.22
1.07,2.17,1.16
1.15,2.94,1.27
1.11,3.69,1.59
2.08,4.00,1.42
3.32,4.00,0.86
4.00,4.00,1.84
4.00,4.00,3.32
4.00,3.23,3.80
4.00,-1.79,0.88
4.00,-3.38,0.86
4.00,-4.00,0.76
3.81,-4.00,0.40
2.95,-4.00,1.07
2.05,-1.89,1.05
1.97,-0.03,0.12
1.68,0.29,0.03
0.63,-1.58,0.98
0.34,-1.48,1.11
0.20,-0.20,0.75
0.04,0.13,0.61
-0.04,0.18,0.59
-0.15,-0.08,0.74
-0.18,-0.21,0.84
-0.18,-0.24,0.92
-0.19,-0.18,1.02
-0.18,-0.15,1.02
-0.17,-0.12,1.00
-0.15,-0.15,0.98
-0.13,-0.18,0.97
-0.10,-0.16,0.99
-0.07,-0.18,0.98
-0.02,-0.20,0.95
-0.00,-0.20,0.95
0.01,-0.23,0.94
0.04,-0.44,0.87
0.05,-0.54,0.85
0.09,-0.59,0.81
0.10,-0.54,0.79
0.10,-0.50,0.78
0.03,-0.35,0.90
-0.01,-0.23,1.00
-0.10,0.04,1.19
-0.14,0.09,1.22
-0.15,0.07,1.19
-0.14,-0.17,1.08
-0.13,-0.24,1.01
-0.09,-0.27,0.91
-0.08,-0.26,0.90
-0.07,-0.26,0.91
-0.06,-0.23,0.97
-0.06,-0.26,1.00
-0.06,-0.28,1.01
-0.05,-0.33,1.02
-0.04,-0.37,1.01
-0.04,-0.40,1.01
-0.04,-0.39,1.01
-0.03,-0.37,1.01
-0.05,-0.37,0.98
-0.05,-0.40,1.00
-0.01,-0.36,1.02
0.01,-0.31,0.98
0.07,-0.30,0.95
-0.07,-0.48,0.90
-0.03,-0.51,0.85
0.00,-0.51,0.82
-0.01,-0.56,0.86
-0.02,-0.56,0.88
-0.03,-0.53,0.90
-0.04,-0.50,0.91
-0.04,-0.47,0.90
-0.05,-0.45,0.89
-0.05,-0.47,0.90
-0.05,-0.49,0.92
-0.03,-0.50,0.90
-0.03,-0.50,0.89
-0.04,-0.47,0.89
-0.04,-0.44,0.89
-0.05,-0.42,0.91
-0.06,-0.44,0.94
-0.05,-0.44,0.93
-0.04,-0.43,0.92
-0.04,-0.42,0.92
-0.04,-0.40,0.93
-0.04,-0.35,0.95
-0.03,-0.34,0.94
-0.02,-0.33,0.93
-0.01,-0.32,0.91
-0.02,-0.29,0.92
-0.00,-0.26,0.94
0.01,-0.23,0.98
0.02,-0.22,1.00
0.02,-0.15,1.01
-0.01,-0.15,1.01
-0.03,-0.18,1.03
-0.03,-0.18,1.08
-0.06,-0.18,1.10
-0.07,-0.19,1.15
-0.13,-0.23,1.10
-0.18,-0.29,1.07
-0.23,-0.47,1.05
-0.09,-0.36,0.95
-0.02,-0.08,0.83
-0.30,0.24,0.90
-0.32,0.19,0.99
-0.27,0.06,1.01
-0.18,-0.11,0.97
-0.13,-0.11,0.99
-0.22,-0.10,1.03
-0.29,-0.06,1.02
-0.42,0.04,0.95
-0.51,0.04,0.92
-0.49,0.04,0.91
-0.30,-0.04,0.95
-0.27,-0.11,0.89
-0.25,-0.15,0.90
-0.29,-0.05,0.94
-0.24,0.08,1.00
-0.38,0.04,1.07
-0.35,0.04,1.01
-0.30,0.09,0.84
-0.30,0.13,0.70
-0.31,0.22,0.68
-0.46,0.41,0.98
-0.23,0.23,1.07
-0.06,0.09,0.89
-0.63,0.54,1.15
-0.30,0.38,1.31
-0.08,-0.19,1.08
-0.04,-0.11,0.96
-0.08,0.09,1.00
-0.13,0.04,1.10
-0.14,-0.03,1.22
-0.11,-0.09,1.36
-0.10,-0.04,1.21
-0.10,0.03,1.02
-0.23,0.32,0.79
-0.28,0.35,0.67
-0.34,0.22,0.54
-0.38,0.17,0.61
-0.39,0.22,0.71
-0.38,0.30,0.88
-0.36,0.31,0.92
-0.32,0.26,0.92
-0.31,0.17,0.96
-0.28,0.04,0.99
-0.25,0.03,1.02
-0.25,0.07,1.05
-0.22,0.21,1.05
-0.20,0.28,1.00
-0.20,0.44,1.10
-0.23,0.39,1.16
-0.21,0.34,1.14
-0.18,0.42,1.10
-0.19,0.49,1.13
-0.23,0.31,0.93
-0.81,0.48,0.51
-1.36,0.50,0.32
-0.53,0.36,-0.20
-0.42,0.16,0.10
-0.14,-0.21,1.09
-0.17,-0.29,1.56
-0.14,-0.19,1.82
-0.12,-0.13,1.76
-0.14,-0.17,1.40
-0.18,-0.18,1.17
-0.16,-0.32,0.95
-0.21,-0.35,0.98
-0.31,-0.24,0.99
-0.30,-0.13,0.90
-0.30,0.02,0.68
-0.29,0.02,0.60
-0.27,-0.02,0.57
-0.30,-0.13,0.58
-0.33,-0.16,0.62
-0.40,-0.17,0.72
-0.39,-0.14,0.69
-0.33,-0.09,0.62
-0.26,0.05,0.54
-0.27,0.12,0.60
-0.27,0.18,0.80
-0.26,0.13,0.91
-0.27,0.03,1.07
-0.25,-0.18,1.29
-0.23,-0.23,1.28
-0.23,-0.27,1.12
-0.23,-0.26,1.06
-0.24,-0.25,1.04
-0.24,-0.28,1.11
-0.25,-0.32,1.15
-0.27,-0.41,1.15
-0.28,-0.45,1.10
-0.30,-0.49,1.05
-0.32,-0.52,1.00
-0.32,-0.50,0.98
-0.32,-0.50,0.94
-0.32,-0.52,0.94
-0.36,-0.53,0.89
-0.40,-0.47,0.84
-0.31,-0.47,0.80
-0.26,-0.53,0.63
-0.26,-0.53,0.59
-0.25,-0.53,0.59
-0.29,-0.49,0.64
-0.31,-0.48,0.69
-0.31,-0.49,0.71
-0.34,-0.55,0.75
-0.35,-0.60,0.78
-0.37,-0.66,0.81
-0.38,-0.67,0.90
-0.38,-0.66,0.99
-0.36,-0.57,1.01
-0.34,-0.55,0.96
-0.34,-0.55,0.87
-0.33,-0.59,0.67
-0.34,-0.61,0.62
-0.34,-0.62,0.58
-0.34,-0.68,0.61
-0.35,-0.71,0.66
-0.36,-0.71,0.70
-0.34,-0.69,0.76
-0.32,-0.67,0.75
-0.31,-0.65,0.73
-0.31,-0.63,0.62
-0.31,-0.65,0.59
-0.32,-0.67,0.60
-0.33,-0.68,0.65
-0.33,-0.68,0.67
-0.33,-0.68,0.63
-0.36,-0.73,0.61
-0.39,-0.72,0.61
-0.38,-0.71,0.56
-0.40,-0.74,0.54
-0.35,-0.73,0.35
-0.41,-0.96,0.37
-0.41,-0.97,0.30
-0.42,-0.98,0.29
-0.42,-0.89,0.39
-0.36,-0.84,0.32
-0.36,-0.91,0.30
-0.37,-0.98,0.23
-0.38,-0.96,0.27
-0.39,-0.91,0.33
-0.37,-0.82,0.43
-0.37,-0.82,0.43
-0.37,-0.83,0.42
-0.37,-0.81,0.43
-0.37,-0.80,0.43
-0.36,-0.78,0.43
-0.37,-0.78,0.42
-0.37,-0.79,0.41
-0.39,-0.83,0.38
-0.39,-0.86,0.38
